service,endpoint,method,is_task,content_type,n_fields,n_file_fields,n_optional_params,field_desc_frac,has_operation_id,typed_params,file_fields,defaults,machine_view,docs_text,score
alphafold,/api/fold,POST,0,multipart/form-data,10,1,8,0.0,0,1,1,1,1,1,1.0
alphafold,/api/tasks/fold,POST,1,multipart/form-data,10,1,8,0.0,0,1,1,1,1,1,1.0
boltz,/api/predict_affinity,POST,0,multipart/form-data,26,3,22,0.154,0,1,1,1,1,1,1.0
boltz,/api/predict_structure,POST,0,multipart/form-data,22,3,19,0.136,0,1,1,1,1,1,1.0
boltz,/api/tasks/predict_affinity,POST,1,multipart/form-data,26,3,22,0.154,0,1,1,1,1,1,1.0
boltz,/api/tasks/predict_structure,POST,1,multipart/form-data,22,3,19,0.136,0,1,1,1,1,1,1.0
boltzgen,/api/design,POST,0,multipart/form-data,19,2,16,0.789,0,1,1,1,1,1,1.0
boltzgen,/api/inverse_fold,POST,0,multipart/form-data,19,2,16,0.789,0,1,1,1,1,1,1.0
boltzgen,/api/tasks/design,POST,1,multipart/form-data,19,2,16,0.789,0,1,1,1,1,1,1.0
boltzgen,/api/tasks/inverse_fold,POST,1,multipart/form-data,19,2,16,0.789,0,1,1,1,1,1,1.0
chembounce,/api/scaffold_hop,POST,0,application/x-www-form-urlencoded,23,0,22,0.435,0,1,1,0,1,1,0.8
chembounce,/api/tasks/scaffold_hop,POST,1,application/x-www-form-urlencoded,23,0,22,0.435,0,1,1,0,1,1,0.8
deeprank-ab,/api/score,POST,0,multipart/form-data,5,1,3,0.6,0,1,1,1,1,1,1.0
deeprank-ab,/api/tasks/score,POST,1,multipart/form-data,5,1,3,0.6,0,1,1,1,1,1,1.0
diffdock,/api/dock,POST,0,multipart/form-data,14,2,10,0.857,0,1,1,1,1,1,1.0
diffdock,/api/tasks/dock,POST,1,multipart/form-data,14,2,10,0.857,0,1,1,1,1,1,1.0
diffdock-pp,/api/dock,POST,0,multipart/form-data,11,2,7,0.636,0,1,1,1,1,1,1.0
diffdock-pp,/api/tasks/dock,POST,1,multipart/form-data,11,2,7,0.636,0,1,1,1,1,1,1.0
diffusion-hopping,/api/generate,POST,0,multipart/form-data,6,2,2,0.333,0,1,1,1,1,1,1.0
diffusion-hopping,/api/tasks/generate,POST,1,multipart/form-data,6,2,2,0.333,0,1,1,1,1,1,1.0
dockq,/api/score,POST,0,multipart/form-data,12,2,8,0.667,0,1,1,1,1,1,1.0
dockq,/api/score_batch,POST,0,multipart/form-data,13,2,10,0.692,0,1,1,1,1,1,1.0
dockq,/api/tasks/score,POST,1,multipart/form-data,12,2,8,0.667,0,1,1,1,1,1,1.0
dockq,/api/tasks/score_batch,POST,1,multipart/form-data,13,2,10,0.692,0,1,1,1,1,1,1.0
drughive,/api/generate,POST,0,multipart/form-data,12,2,8,0.25,0,1,1,1,1,1,1.0
drughive,/api/generate_spatial,POST,0,multipart/form-data,15,3,9,0.133,0,1,1,1,1,1,1.0
drughive,/api/optimize,POST,0,multipart/form-data,24,3,18,0.25,0,1,1,1,1,1,1.0
drughive,/api/tasks/generate,POST,1,multipart/form-data,12,2,8,0.25,0,1,1,1,1,1,1.0
drughive,/api/tasks/generate_spatial,POST,1,multipart/form-data,15,3,9,0.133,0,1,1,1,1,1,1.0
drughive,/api/tasks/optimize,POST,1,multipart/form-data,24,3,18,0.25,0,1,1,1,1,1,1.0
esmfold2,/api/fold,POST,0,multipart/form-data,8,1,6,0.0,0,1,1,1,1,1,1.0
esmfold2,/api/tasks/fold,POST,1,multipart/form-data,9,1,7,0.111,0,1,1,1,1,1,1.0
flowmol,/api/generate,POST,0,application/x-www-form-urlencoded,8,0,8,1.0,0,1,1,1,1,1,1.0
flowmol,/api/tasks/generate,POST,1,application/x-www-form-urlencoded,8,0,8,1.0,0,1,1,1,1,1,1.0
genie3,/api/generate,POST,0,multipart/form-data,3,1,1,1.0,0,1,1,1,1,1,1.0
genie3,/api/generate/binder,POST,0,multipart/form-data,6,1,5,0.5,0,1,1,1,1,1,1.0
genie3,/api/generate/motif,POST,0,multipart/form-data,6,1,5,0.5,0,1,1,1,1,1,1.0
genie3,/api/generate/unconditional,POST,0,application/x-www-form-urlencoded,7,0,7,0.286,0,1,1,1,1,1,1.0
genie3,/api/tasks/generate,POST,1,multipart/form-data,4,1,1,0.5,0,1,1,1,1,1,1.0
genie3,/api/tasks/generate/binder,POST,1,multipart/form-data,7,1,5,0.571,0,1,1,1,1,1,1.0
genie3,/api/tasks/generate/motif,POST,1,multipart/form-data,7,1,5,0.571,0,1,1,1,1,1,1.0
genie3,/api/tasks/generate/unconditional,POST,1,application/x-www-form-urlencoded,7,0,7,0.286,0,1,1,1,1,1,1.0
iggm,/api/affinity-maturation,POST,0,multipart/form-data,13,3,7,0.538,0,1,1,1,1,1,1.0
iggm,/api/design,POST,0,multipart/form-data,12,2,8,0.667,0,1,1,1,1,1,1.0
iggm,/api/epitope,POST,0,multipart/form-data,4,2,0,0.0,0,1,1,1,1,1,1.0
iggm,/api/tasks/affinity-maturation,POST,1,multipart/form-data,13,3,7,0.538,0,1,1,1,1,1,1.0
iggm,/api/tasks/design,POST,1,multipart/form-data,12,2,8,0.667,0,1,1,1,1,1,1.0
iggm,/api/tasks/epitope,POST,1,multipart/form-data,4,2,0,0.0,0,1,1,1,1,1,1.0
immunebuilder,/api/predict_antibody,POST,0,application/x-www-form-urlencoded,7,0,5,0.429,0,1,1,1,1,1,1.0
immunebuilder,/api/predict_nanobody,POST,0,application/x-www-form-urlencoded,6,0,5,0.5,0,1,1,1,1,1,1.0
immunebuilder,/api/predict_tcr,POST,0,application/x-www-form-urlencoded,7,0,5,0.429,0,1,1,1,1,1,1.0
immunebuilder,/api/tasks/predict_antibody,POST,1,application/x-www-form-urlencoded,7,0,5,0.429,0,1,1,1,1,1,1.0
immunebuilder,/api/tasks/predict_nanobody,POST,1,application/x-www-form-urlencoded,6,0,5,0.5,0,1,1,1,1,1,1.0
immunebuilder,/api/tasks/predict_tcr,POST,1,application/x-www-form-urlencoded,7,0,5,0.429,0,1,1,1,1,1,1.0
lightdock,/api/dock,POST,0,multipart/form-data,19,3,13,0.684,0,1,1,1,1,1,1.0
lightdock,/api/tasks/dock,POST,1,multipart/form-data,19,3,13,0.684,0,1,1,1,1,1,1.0
megalodon,/api/generate,POST,0,application/x-www-form-urlencoded,6,0,6,1.0,0,1,1,1,1,1,1.0
megalodon,/api/models,GET,0,,0,0,0,1.0,0,1,1,1,1,1,1.0
megalodon,/api/tasks/generate,POST,1,application/x-www-form-urlencoded,6,0,6,1.0,0,1,1,1,1,1,1.0
mmseqs2,/api/tasks/msa,POST,1,application/x-www-form-urlencoded,2,0,2,0.0,0,1,1,1,1,1,1.0
mmseqs2,/api/tasks/pair,POST,1,application/x-www-form-urlencoded,2,0,2,0.0,0,1,1,1,1,1,1.0
mmseqs2,/result/download/{job_id},GET,0,,0,0,0,1.0,0,1,1,1,1,1,1.0
mmseqs2,/ticket/msa,POST,0,application/x-www-form-urlencoded,2,0,2,0.0,0,1,1,1,1,1,1.0
mmseqs2,/ticket/pair,POST,0,application/x-www-form-urlencoded,2,0,2,0.0,0,1,1,1,1,1,1.0
mmseqs2,/ticket/{job_id},GET,0,,0,0,0,1.0,0,1,1,1,1,1,1.0
openadmet,/api/compare,POST,0,multipart/form-data,7,1,6,0.429,0,1,1,1,1,1,1.0
openadmet,/api/models,GET,0,,0,0,0,1.0,0,1,1,1,1,1,1.0
openadmet,/api/predict,POST,0,multipart/form-data,13,2,8,0.385,0,1,1,1,1,1,1.0
openadmet,/api/tasks/compare,POST,1,multipart/form-data,7,1,6,0.429,0,1,1,1,1,1,1.0
openadmet,/api/tasks/predict,POST,1,multipart/form-data,13,2,8,0.385,0,1,1,1,1,1,1.0
openbpmd,/api/score,POST,0,multipart/form-data,10,2,6,0.6,0,1,1,1,1,1,1.0
openbpmd,/api/tasks/score,POST,1,multipart/form-data,10,2,6,0.6,0,1,1,1,1,1,1.0
plip,/api/profile,POST,0,multipart/form-data,16,1,14,0.875,0,1,1,1,1,1,1.0
plip,/api/tasks/profile,POST,1,multipart/form-data,16,1,14,0.875,0,1,1,1,1,1,1.0
pocketxmol,/api/confidence,POST,0,application/x-www-form-urlencoded,3,0,2,0.333,0,1,1,1,1,1,1.0
pocketxmol,/api/dock,POST,0,multipart/form-data,16,3,10,0.375,0,1,1,1,1,1,1.0
pocketxmol,/api/linking,POST,0,multipart/form-data,13,2,8,0.308,0,1,1,1,1,1,1.0
pocketxmol,/api/optimize,POST,0,multipart/form-data,12,2,8,0.083,0,1,1,1,1,1,1.0
pocketxmol,/api/pepdesign,POST,0,multipart/form-data,17,3,11,0.118,0,1,1,1,1,1,1.0
pocketxmol,/api/sbdd,POST,0,multipart/form-data,10,1,7,0.2,0,1,1,1,1,1,1.0
pocketxmol,/api/tasks/confidence,POST,1,application/x-www-form-urlencoded,3,0,2,0.333,0,1,1,1,1,1,1.0
pocketxmol,/api/tasks/dock,POST,1,multipart/form-data,16,3,10,0.375,0,1,1,1,1,1,1.0
pocketxmol,/api/tasks/linking,POST,1,multipart/form-data,13,2,8,0.308,0,1,1,1,1,1,1.0
pocketxmol,/api/tasks/optimize,POST,1,multipart/form-data,12,2,8,0.083,0,1,1,1,1,1,1.0
pocketxmol,/api/tasks/pepdesign,POST,1,multipart/form-data,17,3,11,0.118,0,1,1,1,1,1,1.0
pocketxmol,/api/tasks/sbdd,POST,1,multipart/form-data,10,1,7,0.2,0,1,1,1,1,1,1.0
ppiflow,/api/sample/antibody,POST,0,multipart/form-data,11,2,6,0.545,0,1,1,1,1,1,1.0
ppiflow,/api/sample/binder,POST,0,multipart/form-data,11,1,8,0.636,0,1,1,1,1,1,1.0
ppiflow,/api/sample/monomer,POST,0,application/x-www-form-urlencoded,3,0,3,1.0,0,1,1,1,1,1,1.0
ppiflow,/api/sample/nanobody,POST,0,multipart/form-data,10,2,5,0.5,0,1,1,1,1,1,1.0
ppiflow,/api/sample/scaffolding,POST,0,multipart/form-data,5,1,2,0.8,0,1,1,1,1,1,1.0
ppiflow,/api/tasks/sample/antibody,POST,1,multipart/form-data,11,2,6,0.545,0,1,1,1,1,1,1.0
ppiflow,/api/tasks/sample/binder,POST,1,multipart/form-data,11,1,8,0.455,0,1,1,1,1,1,1.0
ppiflow,/api/tasks/sample/monomer,POST,1,application/x-www-form-urlencoded,3,0,3,1.0,0,1,1,1,1,1,1.0
ppiflow,/api/tasks/sample/nanobody,POST,1,multipart/form-data,10,2,5,0.5,0,1,1,1,1,1,1.0
ppiflow,/api/tasks/sample/scaffolding,POST,1,multipart/form-data,5,1,2,0.6,0,1,1,1,1,1,1.0
promera,/api/cofold,POST,0,multipart/form-data,9,1,7,0.0,0,1,1,1,1,1,1.0
promera,/api/design,POST,0,multipart/form-data,18,2,15,0.0,0,1,1,1,1,1,1.0
promera,/api/tasks/cofold,POST,1,multipart/form-data,9,1,7,0.0,0,1,1,1,1,1,1.0
promera,/api/tasks/design,POST,1,multipart/form-data,18,2,15,0.0,0,1,1,1,1,1,1.0
proteinmpnn,/api/design,POST,0,multipart/form-data,18,1,16,0.222,0,1,1,1,1,1,1.0
proteinmpnn,/api/probs,POST,0,multipart/form-data,11,1,9,0.091,0,1,1,1,1,1,1.0
proteinmpnn,/api/score,POST,0,multipart/form-data,12,1,10,0.083,0,1,1,1,1,1,1.0
proteinmpnn,/api/tasks/design,POST,1,multipart/form-data,18,1,16,0.222,0,1,1,1,1,1,1.0
proteinmpnn,/api/tasks/probs,POST,1,multipart/form-data,11,1,9,0.091,0,1,1,1,1,1,1.0
proteinmpnn,/api/tasks/score,POST,1,multipart/form-data,12,1,10,0.083,0,1,1,1,1,1,1.0
reinvent,/api/enumeration,POST,0,multipart/form-data,9,2,4,0.333,0,1,1,1,1,1,1.0
reinvent,/api/sampling,POST,0,multipart/form-data,10,1,8,0.2,0,1,1,1,1,1,1.0
reinvent,/api/scoring,POST,0,multipart/form-data,7,1,4,0.286,0,1,1,1,1,1,1.0
reinvent,/api/staged-learning,POST,0,multipart/form-data,19,3,14,0.158,0,1,1,1,1,1,1.0
reinvent,/api/tasks/enumeration,POST,1,multipart/form-data,9,2,4,0.333,0,1,1,1,1,1,1.0
reinvent,/api/tasks/sampling,POST,1,multipart/form-data,10,1,8,0.2,0,1,1,1,1,1,1.0
reinvent,/api/tasks/scoring,POST,1,multipart/form-data,7,1,4,0.286,0,1,1,1,1,1,1.0
reinvent,/api/tasks/staged-learning,POST,1,multipart/form-data,19,3,14,0.158,0,1,1,1,1,1,1.0
reinvent,/api/tasks/transfer-learning,POST,1,multipart/form-data,16,3,11,0.25,0,1,1,1,1,1,1.0
reinvent,/api/transfer-learning,POST,0,multipart/form-data,16,3,11,0.25,0,1,1,1,1,1,1.0
rfantibody,/api/proteinmpnn,POST,0,multipart/form-data,7,1,5,0.286,0,1,1,1,1,1,1.0
rfantibody,/api/rf2,POST,0,multipart/form-data,5,1,3,0.4,0,1,1,1,1,1,1.0
rfantibody,/api/rfdiffusion,POST,0,multipart/form-data,11,2,7,0.364,0,1,1,1,1,1,1.0
rfantibody,/api/tasks/proteinmpnn,POST,1,multipart/form-data,7,1,5,0.0,0,1,1,1,1,1,1.0
rfantibody,/api/tasks/rf2,POST,1,multipart/form-data,5,1,3,0.0,0,1,1,1,1,1,1.0
rfantibody,/api/tasks/rfdiffusion,POST,1,multipart/form-data,11,2,7,0.0,0,1,1,1,1,1,1.0
rfdiffusion,/api/generate,POST,0,multipart/form-data,12,1,9,1.0,0,1,1,1,1,1,1.0
rfdiffusion,/api/generate/binder,POST,0,multipart/form-data,11,1,8,0.909,0,1,1,1,1,1,1.0
rfdiffusion,/api/generate/motif,POST,0,multipart/form-data,12,1,9,1.0,0,1,1,1,1,1,1.0
rfdiffusion,/api/generate/symmetry,POST,0,application/x-www-form-urlencoded,14,0,12,1.0,0,1,1,1,1,1,1.0
rfdiffusion,/api/generate/unconditional,POST,0,application/x-www-form-urlencoded,10,0,10,1.0,0,1,1,1,1,1,1.0
rfdiffusion,/api/tasks/generate,POST,1,multipart/form-data,12,1,9,0.833,0,1,1,1,1,1,1.0
rfdiffusion,/api/tasks/generate/binder,POST,1,multipart/form-data,11,1,8,0.727,0,1,1,1,1,1,1.0
rfdiffusion,/api/tasks/generate/motif,POST,1,multipart/form-data,12,1,9,0.833,0,1,1,1,1,1,1.0
rfdiffusion,/api/tasks/generate/symmetry,POST,1,application/x-www-form-urlencoded,14,0,12,1.0,0,1,1,1,1,1,1.0
rfdiffusion,/api/tasks/generate/unconditional,POST,1,application/x-www-form-urlencoded,10,0,10,1.0,0,1,1,1,1,1,1.0
rfdiffusion2,/api/generate,POST,0,multipart/form-data,13,1,10,1.0,0,1,1,1,1,1,1.0
rfdiffusion2,/api/generate/active_site,POST,0,multipart/form-data,15,1,10,1.0,0,1,1,1,1,1,1.0
rfdiffusion2,/api/generate/small_molecule_binder,POST,0,multipart/form-data,13,1,9,1.0,0,1,1,1,1,1,1.0
rfdiffusion2,/api/tasks/generate,POST,1,multipart/form-data,13,1,10,0.846,0,1,1,1,1,1,1.0
rfdiffusion2,/api/tasks/generate/active_site,POST,1,multipart/form-data,15,1,10,0.867,0,1,1,1,1,1,1.0
rfdiffusion2,/api/tasks/generate/small_molecule_binder,POST,1,multipart/form-data,13,1,9,0.846,0,1,1,1,1,1,1.0
semlaflow,/api/generate,POST,0,application/x-www-form-urlencoded,9,0,9,1.0,0,1,1,1,1,1,1.0
semlaflow,/api/models,GET,0,,0,0,0,1.0,0,1,1,1,1,1,1.0
semlaflow,/api/tasks/generate,POST,1,application/x-www-form-urlencoded,9,0,9,1.0,0,1,1,1,1,1,1.0
