job_id,t_submit,t_running,t_completed,status,seed
e94dec8d8c614b978d4e,1786947848.316,1786947885.082,1786947929.912,completed,
ae889b4f498c4cbba715,1786947849.231,1786947885.773,1786947930.749,completed,
632b2e3f505240a9a788,1786947849.989,1786947886.467,1786947973.775,completed,
30e414fb351a4f5ab42a,1786947850.779,1786947887.137,1786947975.011,completed,
9afd92341c8a4afba830,1786947851.498,1786947887.878,1786947932.941,completed,
8c1e1e04733a49c0a087,1786947852.243,1786947888.619,1786947933.954,completed,
2dfcd4af38424126a8b6,1786947853.01,1786947889.358,1786947934.651,completed,
77dc68fad9f34b83bd1b,1786947853.752,1786947890.058,1786947935.344,completed,
f39822e73a884580a7c4,1786947854.534,1786947891.645,1786947936.017,completed,
ed43fc3d492d47ea9049,1786947855.257,1786947892.332,1786947936.702,completed,
1a01cd8130fb4c67ba86,1786947856.099,1786947893.063,1786947937.517,completed,
5bb49c08e3524141a799,1786947856.875,1786947893.954,1786947938.342,completed,
fd15613cf48d4bc296ad,1786947857.707,1786947894.694,1786947939.535,completed,
9844401086c14f82abcd,1786947858.438,1786947895.519,1786947940.219,completed,
debbe7ed571542ceb340,1786947859.148,1786947896.262,1786947940.897,completed,
3c059da247a046368c4c,1786947859.878,1786947896.948,1786947941.82,completed,
cf232525107d473f80a5,1786947860.585,1786947897.705,1786947942.521,completed,
170070e1d56e4b4baba4,1786947861.301,1786947898.506,1786947975.783,completed,
dd190749242847b9a15c,1786947862.036,1786947899.317,1786947976.941,completed,
4c144ebb7b5540d6be97,1786947862.735,1786947900.045,1786947977.681,completed,
1044d0c73ee04b4e96f9,1786947863.451,1786947900.892,1786947978.437,completed,
678fe2ac0b3c4495a52c,1786947864.182,1786947901.722,1786947946.343,completed,
d74f6208609f4d34a9e6,1786947864.899,1786947902.521,1786947947.122,completed,
edab79a8b80a4b1da197,1786947865.639,1786947903.592,1786947947.821,completed,
eea8f9a503ab449694bf,1786947866.359,1786947904.389,1786947948.507,completed,
5e30d644a1214760a4bd,1786947867.112,1786947905.296,1786947949.216,completed,
433a24bca7ed40dc9edf,1786947867.841,1786947906.174,1786947979.154,completed,
e311708e66a2460195ec,1786947868.594,1786947907.032,1786947979.849,completed,
aef9d7980eed40139edd,1786947869.295,1786947907.922,1786947980.627,completed,
5471c482ec9440afaa94,1786947869.998,1786947908.709,1786947981.368,completed,
7bb158e76a73469a8b36,1786947870.757,1786947909.663,1786947953.602,completed,
7a9ca49e3ea449f4add2,1786947871.463,1786947910.51,1786947954.292,completed,
511f24c4bf834b5994cc,1786947872.184,1786947911.229,1786947954.976,completed,
112f40ed4259464691c9,1786947872.914,1786947911.936,1786947955.802,completed,
3d6eb4b697cb48bf9969,1786947873.646,1786947912.693,1786947956.603,completed,
363d58e50aac405fb514,1786947874.369,1786947913.431,1786947957.309,completed,
4b7b2fc629d9460cb587,1786947875.077,1786947914.138,1786947957.994,completed,
4a3938b49ec5411381bd,1786947875.796,1786947914.893,1786947958.739,completed,
9430a3c246614157b825,1786947876.497,1786947915.588,1786947959.622,completed,
0da46d944214494da63c,1786947877.256,1786947916.294,1786947982.321,completed,
e25350e60ad543b1a3c7,1786947877.972,1786947917.0,1786947960.987,completed,
b03d46523684491889a7,1786947878.676,1786947917.674,1786947961.751,completed,
4e41a78f27344c77870b,1786947879.382,1786947918.341,1786947962.65,completed,
7557a4841bd44bafbb1a,1786947880.087,1786947919.239,1786947983.015,completed,
6881fba7247a44118024,1786947880.791,1786947919.953,1786947983.687,completed,
bad2101426fc46f5bb19,1786947881.491,1786947920.682,1786947965.069,completed,
98b8a20f980e49f2b879,1786947882.215,1786947921.7,1786947965.778,completed,
0e62648134d3463f81bb,1786947882.948,1786947966.494,1786947992.055,completed,
53032d55076a4533866d,1786947883.667,1786947923.292,1786947985.348,completed,
795c4fc660984df69060,1786947884.371,1786947924.048,1786947986.058,completed,
