unit,svc,metric,n_N1,median_N1,n_N10,median_N10,n_N50,median_N50,KW_H,KW_p,MW_1vs50_U,MW_1vs50_p,MW_1vs50_r,MW_10vs50_U,MW_10vs50_p,MW_10vs50_r
replicate_level,dockq,makespan_s,3,13.31,3,20.18,3,7247.26,5.0667,0.07939,0.0,0.1,1.0,1.0,0.2,0.7778
replicate_level,dockq,throughput_jobs_per_hour,3,270.5,3,1783.9,3,23.3,1.6889,0.4298,6.0,0.7,-0.3333,6.0,0.7,-0.3333
replicate_level,dockq,speedup_vs_serial,3,0.95,3,6.28,3,0.09,1.7031,0.4268,6.0,0.7,-0.3333,6.0,0.7,-0.3333
replicate_level,dockq,peak_concurrency,3,1.0,3,8.0,3,9.0,2.5747,0.276,3.0,0.7,0.3333,4.0,1,0.1111
replicate_level,dockq,cold_start_s,3,1.71,3,6.4,3,33.12,5.6,0.06081,0.0,0.1,1.0,0.0,0.1,1.0
replicate_level,mmseqs2,makespan_s,3,9.21,3,24.42,3,102.14,7.2,0.02732,0.0,0.1,1.0,0.0,0.1,1.0
replicate_level,mmseqs2,throughput_jobs_per_hour,3,390.9,3,1474.2,3,1762.3,4.6222,0.09915,0.0,0.1,1.0,3.0,0.7,0.3333
replicate_level,mmseqs2,speedup_vs_serial,3,0.92,3,3.45,3,4.13,4.6222,0.09915,0.0,0.1,1.0,3.0,0.7,0.3333
replicate_level,mmseqs2,cold_start_s,3,8.43,3,9.05,3,42.09,5.6,0.06081,0.0,0.1,1.0,0.0,0.1,1.0
replicate_level,plip,makespan_s,3,17.19,3,26.69,3,50.19,7.2,0.02732,0.0,0.1,1.0,0.0,0.1,1.0
replicate_level,plip,throughput_jobs_per_hour,3,209.4,3,1348.8,3,3586.4,7.2,0.02732,0.0,0.1,1.0,0.0,0.1,1.0
replicate_level,plip,speedup_vs_serial,3,0.98,3,6.32,3,16.81,7.2605,0.02651,0.0,0.1,1.0,0.0,0.1,1.0
replicate_level,plip,peak_concurrency,3,1.0,3,9.0,3,1.0,5.945,0.05118,4.5,1,0.0,9.0,0.1,-1.0
replicate_level,plip,cold_start_s,3,6.21,3,6.1,3,22.79,5.4222,0.06646,0.0,0.1,1.0,0.0,0.1,1.0
replicate_level,proteinmpnn,makespan_s,3,29.28,3,45.74,3,130.68,7.2,0.02732,0.0,0.1,1.0,0.0,0.1,1.0
replicate_level,proteinmpnn,throughput_jobs_per_hour,3,123.0,3,787.1,3,1377.4,7.2,0.02732,0.0,0.1,1.0,0.0,0.1,1.0
replicate_level,proteinmpnn,speedup_vs_serial,3,0.96,3,6.17,3,10.8,7.2,0.02732,0.0,0.1,1.0,0.0,0.1,1.0
replicate_level,proteinmpnn,peak_concurrency,3,1.0,3,10.0,3,35.0,6.0,0.04979,0.0,0.1,1.0,3.0,0.7,0.3333
replicate_level,proteinmpnn,cold_start_s,3,16.05,3,19.56,3,43.0,5.9556,0.05091,0.0,0.1,1.0,0.0,0.1,1.0
replicate_level,reinvent,makespan_s,3,30.79,3,63.42,3,144.68,7.2,0.02732,0.0,0.1,1.0,0.0,0.1,1.0
replicate_level,reinvent,throughput_jobs_per_hour,3,116.9,3,567.6,3,1244.1,7.2,0.02732,0.0,0.1,1.0,0.0,0.1,1.0
replicate_level,reinvent,speedup_vs_serial,3,0.98,3,4.74,3,10.4,7.2,0.02732,0.0,0.1,1.0,0.0,0.1,1.0
replicate_level,reinvent,peak_concurrency,3,1.0,3,10.0,3,48.0,7.7143,0.02113,0.0,0.1,1.0,0.0,0.1,1.0
replicate_level,reinvent,cold_start_s,3,7.19,3,8.02,3,38.11,5.9556,0.05091,0.0,0.1,1.0,0.0,0.1,1.0
replicate_level,rfdiffusion2,makespan_s,3,14.16,3,30.6,3,82.41,7.2,0.02732,0.0,0.1,1.0,0.0,0.1,1.0
replicate_level,rfdiffusion2,throughput_jobs_per_hour,3,254.2,3,1176.5,3,2184.2,7.2,0.02732,0.0,0.1,1.0,0.0,0.1,1.0
replicate_level,rfdiffusion2,speedup_vs_serial,3,0.95,3,4.41,3,8.18,7.2,0.02732,0.0,0.1,1.0,0.0,0.1,1.0
replicate_level,rfdiffusion2,cold_start_s,3,13.49,3,21.59,3,41.63,7.2,0.02732,0.0,0.1,1.0,0.0,0.1,1.0
job_level,dockq,cold_start_s,3,1.712,30,7.225,140,33.476,68.6875,1.215e-15,25.0,0.002682,0.881,140.0,1.098e-22,0.9333
job_level,dockq,latency_s,3,12.679,30,14.156,140,36.221,65.1464,7.139e-15,33.0,0.005646,0.8429,188.0,8.436e-21,0.9105
job_level,mmseqs2,cold_start_s,3,8.433,30,9.322,150,42.83,80.7444,2.928e-18,0.0,3.417e-06,1.0,0.0,1.509e-34,1.0
job_level,mmseqs2,latency_s,3,8.433,30,9.322,150,42.83,80.7444,2.928e-18,0.0,3.417e-06,1.0,0.0,1.509e-34,1.0
job_level,plip,cold_start_s,3,6.212,30,6.059,150,23.376,80.7287,2.951e-18,0.0,3.417e-06,1.0,0.0,1.509e-34,1.0
job_level,plip,latency_s,3,16.866,30,18.757,150,23.525,37.2001,8.358e-09,4.0,3.759e-05,0.9822,815.0,5.388e-09,0.6378
job_level,proteinmpnn,cold_start_s,3,16.054,30,19.803,150,42.826,80.7883,2.865e-18,0.0,3.417e-06,1.0,0.0,1.509e-34,1.0
job_level,proteinmpnn,latency_s,3,28.229,30,32.164,150,78.949,79.7798,4.743e-18,0.0,3.417e-06,1.0,16.0,1.38e-31,0.9929
job_level,reinvent,cold_start_s,3,7.188,30,8.11,150,39.003,80.7489,2.922e-18,0.0,3.417e-06,1.0,0.0,1.509e-34,1.0
job_level,reinvent,latency_s,3,30.08,30,54.252,150,83.197,77.1736,1.746e-17,0.0,3.417e-06,1.0,60.0,9.852e-28,0.9733
job_level,rfdiffusion2,cold_start_s,3,13.489,30,21.594,150,41.913,80.9714,2.614e-18,0.0,3.417e-06,1.0,0.0,1.509e-34,1.0
job_level,rfdiffusion2,latency_s,3,13.489,30,21.594,150,41.913,80.9714,2.614e-18,0.0,3.417e-06,1.0,0.0,1.509e-34,1.0
