repo,relpath,reason,matched_patterns,size_bytes,sha256,source
AutoDock-GPU,README.md,readme,"nvidia,cuda,gpu_requirement",14012,7a8d3bf144bea4a5bf4c14b743d376dcbf3b8d1e68894a7177cfc569ebabd89f,/home/zhiheng/Documents/Work/Noah/Tasks/Project/bioagent/opensource/AutoDock-GPU/README.md
AutoDock-Vina,README.md,readme,,2197,4f1728521ab79de1c33e1cf8605b31037effed5de2a2fbbccba58d7b0a005ae7,/home/zhiheng/Documents/Work/Noah/Tasks/Project/bioagent/opensource/AutoDock-Vina/README.md
BindCraft,README.md,readme,"gpu_memory,nvidia,cuda,min_memory,memory_footprint",16916,fbd31d823a3fead3be2aa2f93901aeec723bc07cb600a5f89cd5408dd3158307,/home/zhiheng/Documents/Work/Noah/Tasks/Project/bioagent/opensource/BindCraft/README.md
BindFlow,README.rst,readme,,5846,76a7016ce1995ab20c5c1fd36d6cd4f3f8c1e37018452b1176669dc5abb63672,/home/zhiheng/Documents/Work/Noah/Tasks/Project/bioagent/opensource/BindFlow/README.rst
BindFlow,docs/source/guides/customizing.md,content,"nvidia,min_memory",14288,bd0e90b7da5c28d88bab46f29b95a7e3b82add469f51f848a4de6b3e553a45a1,/home/zhiheng/Documents/Work/Noah/Tasks/Project/bioagent/opensource/BindFlow/docs/source/guides/customizing.md
BindFlow,docs/source/guides/deploy.md,content,gpu_requirement,5076,7dc9cc0fd14e933b023fa1d836a2505a9f14996e020f0dc34f555be1bb9c1ad5,/home/zhiheng/Documents/Work/Noah/Tasks/Project/bioagent/opensource/BindFlow/docs/source/guides/deploy.md
BindFlow,docs/source/guides/performance/index.md,content,"consumer_gpu,nvidia,disk",22707,1ddd6d26a3a81351bb6668eb33e4beff6b7b86478b36d71b9c814e6b59aca5b7,/home/zhiheng/Documents/Work/Noah/Tasks/Project/bioagent/opensource/BindFlow/docs/source/guides/performance/index.md
BindFlow,docs/source/installation.md,content,cuda,8933,e96a30522785077f68839f70b8f1eb1ba42c4385bfdd53ec8c40e90cf67450a0,/home/zhiheng/Documents/Work/Noah/Tasks/Project/bioagent/opensource/BindFlow/docs/source/installation.md
ColabFold,README.md,readme,"gpu_memory,cuda,gpu_requirement,min_memory",19354,1d30c804f2d609c774f1f8b4c4a2f730ad96566c479716231e3bda7ad850be92,/home/zhiheng/Documents/Work/Noah/Tasks/Project/bioagent/opensource/ColabFold/README.md
DeepRank-Ab,readme.md,readme,,2891,ed10c86efcbfc6ad9a5ce0efbbb093741bd4eac13f5523ce7ae819f77f0344ce,/home/zhiheng/Documents/Work/Noah/Tasks/Project/bioagent/opensource/DeepRank-Ab/readme.md
DiffDock,README.md,readme,"nvidia,cuda",14229,6f63088d85b5f05d58416ede319387c1b7f3661b27741a36314ada861f2056de,/home/zhiheng/Documents/Work/Noah/Tasks/Project/bioagent/opensource/DiffDock/README.md
DiffDock,requirements.txt,content,nvidia,778,902035afcfbbb837949facfe04fd299fd60cb6b7bab134b0f2c7c0ee0759856c,/home/zhiheng/Documents/Work/Noah/Tasks/Project/bioagent/opensource/DiffDock/requirements.txt
DiffDock-PP,README.md,readme,"nvidia,cuda",5956,c0169bfad5f7cddbb3cc08f6aef2854e932307e214ec43e4a9175263d6bb17a2,/home/zhiheng/Documents/Work/Noah/Tasks/Project/bioagent/opensource/DiffDock-PP/README.md
DockQ,README.md,readme,,10833,b083cf2b000124c85d2b9ccbcd35b19f8d47ee6f4b4ae65b121d435e46aced51,/home/zhiheng/Documents/Work/Noah/Tasks/Project/bioagent/opensource/DockQ/README.md
DrugHIVE,README.md,readme,"nvidia,cuda",4224,8067c396163e9dc0cae79805d96d4d6ad55d7e5e7f64714ea9d30b98d70a4c35,/home/zhiheng/Documents/Work/Noah/Tasks/Project/bioagent/opensource/DrugHIVE/README.md
DrugHIVE,requirements.txt,content,cuda,227,3be60ff2bc850c4b1b463e94fa18c6a0fe0b4fac77e987637a3a9cc8c1770cfc,/home/zhiheng/Documents/Work/Noah/Tasks/Project/bioagent/opensource/DrugHIVE/requirements.txt
FlowMol,readme.md,readme,cuda,8184,6e007b110d309a829edbba2f2f03e9b0ef4a5d00267d51a64a3532edbb79da4a,/home/zhiheng/Documents/Work/Noah/Tasks/Project/bioagent/opensource/FlowMol/readme.md
IgGM,README-zh.md,readme,,13068,73920790e782a0aaac56f4f8b12d6d6a915bdc3e890ccd811d7ac421178be23f,/home/zhiheng/Documents/Work/Noah/Tasks/Project/bioagent/opensource/IgGM/README-zh.md
IgGM,README.md,readme,,14067,a0c63b94d125a99c6135ee102f23cfe99af3bbf5f7e90e69f52aaa10cd47ba66,/home/zhiheng/Documents/Work/Noah/Tasks/Project/bioagent/opensource/IgGM/README.md
ImmuneBuilder,README.md,readme,,7259,b0486278bd05ddd1550dbcb55c3acc2930ae90ca1c308aef4f497c2537cd6dd2,/home/zhiheng/Documents/Work/Noah/Tasks/Project/bioagent/opensource/ImmuneBuilder/README.md
LASErMPNN,README.md,readme,"gpu_memory,cuda",14122,f3af839760b2f6956bbecdfebc76e39bba5b23a42e0d7440149da561fd232eeb,/home/zhiheng/Documents/Work/Noah/Tasks/Project/bioagent/opensource/LASErMPNN/README.md
LigandMPNN,README.md,readme,datacenter_gpu,24467,52d37fc1b25fc5a8d421bfcaf7cdf8cfe61cafcb5100af88f3723cc9b20a4272,/home/zhiheng/Documents/Work/Noah/Tasks/Project/bioagent/opensource/LigandMPNN/README.md
LigandMPNN,requirements.txt,content,"nvidia,cuda",639,25caec9f63caec7a545217e7fe3110280d9f881a718e2c89d102545356cf3fbb,/home/zhiheng/Documents/Work/Noah/Tasks/Project/bioagent/opensource/LigandMPNN/requirements.txt
MMseqs2,README.md,readme,"nvidia,cuda,gpu_requirement,memory_footprint,disk",15204,4f19de2addc3736a392e13b1ce34522215ad3ea169e940846ba745e0f5bdbe8b,/home/zhiheng/Documents/Work/Noah/Tasks/Project/bioagent/opensource/MMseqs2/README.md
MMseqs2-App,README.md,readme,,3360,a9c1caae0d76aede18778d793c2e555faf594e3aab2b29f57006a414ee866244,/home/zhiheng/Documents/Work/Noah/Tasks/Project/bioagent/opensource/MMseqs2-App/README.md
ODesign,README.md,readme,"cuda,disk",21646,5297ab42ccedbbe3bdb8abcb6108cbb57ec247d41e5f6c6c7c5c111a40790569,/home/zhiheng/Documents/Work/Noah/Tasks/Project/bioagent/opensource/ODesign/README.md
ODesign,requirements.txt,content,"nvidia,cuda",4312,92b9ba0783d2988a27a88b20d3346df3dc164f0d83c21ff665c077eeecec2c53,/home/zhiheng/Documents/Work/Noah/Tasks/Project/bioagent/opensource/ODesign/requirements.txt
OpenBPMD,README.md,readme,,1650,a06513e51ffce94f7f4011f4ad200022a794cc8cdfc340e19325b4224f785074,/home/zhiheng/Documents/Work/Noah/Tasks/Project/bioagent/opensource/OpenBPMD/README.md
PPIFlow,README.md,readme,,8645,4210005bec88ee2c873207b746e3ea5be83f269c02481bcb0fad351c5bbe1657,/home/zhiheng/Documents/Work/Noah/Tasks/Project/bioagent/opensource/PPIFlow/README.md
PXDesign,README.md,readme,"datacenter_gpu,nvidia,cuda,gpu_requirement",28463,68b056e40be9c4f01d246b94960b3459eec22d4a2abfbaad1c04c4f6bbdbfda0,/home/zhiheng/Documents/Work/Noah/Tasks/Project/bioagent/opensource/PXDesign/README.md
PXDesign,requirements.txt,content,nvidia,393,8aed31749760c7d11d0683df58b47bc8986b93021afe33931f02e2f79e1a0c75,/home/zhiheng/Documents/Work/Noah/Tasks/Project/bioagent/opensource/PXDesign/requirements.txt
PocketXMol,README.md,readme,cuda,5744,8613e3d2d22c5acaec88d101f95face52a74b71d7a49c8c8e2d2edda16cd1ce1,/home/zhiheng/Documents/Work/Noah/Tasks/Project/bioagent/opensource/PocketXMol/README.md
PocketXMol,docs/sample_provided_data.md,content,"gpu_memory,cuda",53882,f579bfcb08842b15ac305c15146ed80e18caa09000fe20f88381b4f3ade9183f,/home/zhiheng/Documents/Work/Noah/Tasks/Project/bioagent/opensource/PocketXMol/docs/sample_provided_data.md
PocketXMol,docs/sample_test_sets.md,content,"datacenter_gpu,cuda",5366,8cc6f028378c2f1a8fb1c9cb3c9b9ad5e55668d6df783e005bb97d6d0ff64d40,/home/zhiheng/Documents/Work/Noah/Tasks/Project/bioagent/opensource/PocketXMol/docs/sample_test_sets.md
PocketXMol,docs/setup.md,content,cuda,3447,5b7c05ccc78d8f1676fd1ee053b14643aa54f69687ab771f6a7fe210ff7123df,/home/zhiheng/Documents/Work/Noah/Tasks/Project/bioagent/opensource/PocketXMol/docs/setup.md
PocketXMol,docs/train.md,content,gpu_memory,1132,8a164425c62e47925a003590b85c02d619d653dd18fc95728c76850b73dd2df7,/home/zhiheng/Documents/Work/Noah/Tasks/Project/bioagent/opensource/PocketXMol/docs/train.md
ProteinMPNN,README.md,readme,"gpu_memory,consumer_gpu",10277,772ebe52d2ba5100a28a888910c6f0c9fd4ded1d1372e3d89f6f1c48707e0365,/home/zhiheng/Documents/Work/Noah/Tasks/Project/bioagent/opensource/ProteinMPNN/README.md
Protenix,README.md,readme,,13385,1b5e0498e6e5412d20481bdae6371066e1b19d48d72053ea38019f6cb97f6c20,/home/zhiheng/Documents/Work/Noah/Tasks/Project/bioagent/opensource/Protenix/README.md
Protenix,docs/docker_installation.md,content,"nvidia,cuda,gpu_requirement",1773,41da6066cfa504575a28e7a66b863005c5f7fbbb454b32293539a593d80d32d1,/home/zhiheng/Documents/Work/Noah/Tasks/Project/bioagent/opensource/Protenix/docs/docker_installation.md
Protenix,docs/kernels.md,content,"nvidia,cuda",2658,8cfe0e7df1d4d1dfc1266ba1df86bcdcb2d9905a16b353e89c5609fd6495347c,/home/zhiheng/Documents/Work/Noah/Tasks/Project/bioagent/opensource/Protenix/docs/kernels.md
Protenix,docs/training_inference_instructions.md,content,"gpu_memory,datacenter_gpu,nvidia,cuda,memory_footprint,disk",14946,89f1d7b9a81de36637fafbcaf20d24397220ef654b09fc41796c77e3fa6ed30e,/home/zhiheng/Documents/Work/Noah/Tasks/Project/bioagent/opensource/Protenix/docs/training_inference_instructions.md
REINVENT4,README.md,readme,"gpu_memory,nvidia,cuda",10545,af3d2844156f25a730e97783e24c7847d2d01f23233afc9c3b66b2b91b09a32c,/home/zhiheng/Documents/Work/Noah/Tasks/Project/bioagent/opensource/REINVENT4/README.md
RFantibody,README.md,readme,"nvidia,cuda,gpu_requirement",30816,1a1bd53922d063af09148e01d7486bb6829f233bc8559e6112f681f6b970ed5a,/home/zhiheng/Documents/Work/Noah/Tasks/Project/bioagent/opensource/RFantibody/README.md
RFdiffusion,README.md,readme,"datacenter_gpu,nvidia,cuda",48907,d89eb9790ce805ce23e1b1a6804f4d67c81056025e4852b875f8ddfd87a08125,/home/zhiheng/Documents/Work/Noah/Tasks/Project/bioagent/opensource/RFdiffusion/README.md
RFdiffusion2,README.md,readme,consumer_gpu,12787,cc8a7be244d0cc641a1aa18e29a6619f1aa055176d4a0fdd02d453dc746eac20,/home/zhiheng/Documents/Work/Noah/Tasks/Project/bioagent/opensource/RFdiffusion2/README.md
TurboHopp,README.md,readme,cuda,2084,9498783709e6a28ea831c48f2bf26da988e545270ddeb416a8bb59ffa0cc57e1,/home/zhiheng/Documents/Work/Noah/Tasks/Project/bioagent/opensource/TurboHopp/README.md
alphafold,README.md,readme,"datacenter_gpu,nvidia,cuda,gpu_requirement,disk",35387,39a82c6f8ecfaf16872275167e98ff00109321f8de150edf5212dc9ed36f3763,/home/zhiheng/Documents/Work/Noah/Tasks/Project/bioagent/opensource/alphafold/README.md
boltz,README.md,readme,"nvidia,cuda",6415,79149435313841e6f9cc0c8b581259f3952a2469cbe6f9a733f7143b557025c2,/home/zhiheng/Documents/Work/Noah/Tasks/Project/bioagent/opensource/boltz/README.md
boltz,docs/prediction.md,content,nvidia,28073,b1c0296954ce2e4f2a7a8c64f02c910c9211f205fab83059ac092d8231dfba24,/home/zhiheng/Documents/Work/Noah/Tasks/Project/bioagent/opensource/boltz/docs/prediction.md
boltzgen,README.md,readme,datacenter_gpu,32984,3bc2809652c2f1dea82c5dce5560658d9517ec805edfc928082e9c94e08c1968,/home/zhiheng/Documents/Work/Noah/Tasks/Project/bioagent/opensource/boltzgen/README.md
chembounce,README.md,readme,,8731,2ffad5e8766981cadfdd9371ca11d03315750522d92c34153c69741d5e1e25b6,/home/zhiheng/Documents/Work/Noah/Tasks/Project/bioagent/opensource/chembounce/README.md
diamond,README.md,readme,,6058,28e36b436baea9ce9479c376b8b5caf152586ab2cae46159689fa453116fd2a3,/home/zhiheng/Documents/Work/Noah/Tasks/Project/bioagent/opensource/diamond/README.md
diffusion-hopping,README.md,readme,,8199,1de5ee5411fa62455d8198e62b080f3d4be8744c42a4362b7443a328d7b6e95a,/home/zhiheng/Documents/Work/Noah/Tasks/Project/bioagent/opensource/diffusion-hopping/README.md
esm,README.md,readme,cuda,17541,9b59a801ce6a4b376b89dc6591779b49075c4b4526fe2a625267ce8d6097d5a6,/home/zhiheng/Documents/Work/Noah/Tasks/Project/bioagent/opensource/esm/README.md
foundry,README.md,readme,,9077,ebfd0f3f4703696aa702bcd87d6fb0521c18d2ca89debbcda2c3ad162b415f1d,/home/zhiheng/Documents/Work/Noah/Tasks/Project/bioagent/opensource/foundry/README.md
foundry,docs/source/installation_faq.md,content,"consumer_gpu,nvidia,cuda",812,9c39fd49c8ae75829258c7af32eb7e10777c45dcb5727679bc9150d27c80cb02,/home/zhiheng/Documents/Work/Noah/Tasks/Project/bioagent/opensource/foundry/docs/source/installation_faq.md
genie3,README.md,readme,"gpu_memory,datacenter_gpu,cuda",27402,af53c18ea6e0a2b56ccb5ec96029a2ac1dee78cc6e30285d517421cc415edaa0,/home/zhiheng/Documents/Work/Noah/Tasks/Project/bioagent/opensource/genie3/README.md
gnina,README.md,readme,"nvidia,cuda,gpu_requirement",26562,b6ed3a633154d49044478f2f9af3199b6fdecb0ed75ec566c1a9903ceddcafb9,/home/zhiheng/Documents/Work/Noah/Tasks/Project/bioagent/opensource/gnina/README.md
gnina,docs/install_apt_debian.md,content,"nvidia,cuda",6147,61d99c59451a16d1ba7b011f61765841a12f6ed99cec73b648f732571413306a,/home/zhiheng/Documents/Work/Noah/Tasks/Project/bioagent/opensource/gnina/docs/install_apt_debian.md
gnina,docs/tutorial/layers/absval.md,content,cuda,792,3cc721fcd3053c60b93833c996519f11997831dd29ae69123e008466125bbd88,/home/zhiheng/Documents/Work/Noah/Tasks/Project/bioagent/opensource/gnina/docs/tutorial/layers/absval.md
gnina,docs/tutorial/layers/accuracy.md,content,cuda,1009,058c98ac1ace9a23db5b9a961652ed9da104d3b76a32ef65347ed257c3bddb6c,/home/zhiheng/Documents/Work/Noah/Tasks/Project/bioagent/opensource/gnina/docs/tutorial/layers/accuracy.md
gnina,docs/tutorial/layers/argmax.md,content,cuda,841,f70f003c7a92057a1ddd09845e5d60e4a2fbf269e468e01f328b0a53429d3480,/home/zhiheng/Documents/Work/Noah/Tasks/Project/bioagent/opensource/gnina/docs/tutorial/layers/argmax.md
gnina,docs/tutorial/layers/batchnorm.md,content,cuda,890,6de5470f757a1162045663d0ad77a1c481776f25faffcbaac79219d64283dcea,/home/zhiheng/Documents/Work/Noah/Tasks/Project/bioagent/opensource/gnina/docs/tutorial/layers/batchnorm.md
gnina,docs/tutorial/layers/batchreindex.md,content,cuda,682,066842efaaa21e00f561b7462d09691d32c7e902a496d5c3b1c7c2a6cc621f06,/home/zhiheng/Documents/Work/Noah/Tasks/Project/bioagent/opensource/gnina/docs/tutorial/layers/batchreindex.md
gnina,docs/tutorial/layers/bias.md,content,cuda,816,f91db52b561ebfa4d1c95103877468dab229fb367e1d082657c991626e185c79,/home/zhiheng/Documents/Work/Noah/Tasks/Project/bioagent/opensource/gnina/docs/tutorial/layers/bias.md
gnina,docs/tutorial/layers/bnll.md,content,cuda,823,d1c68e01ae7d698d5aa4fe560eed3defdc32ade3008e66d444ca672c4f5df857,/home/zhiheng/Documents/Work/Noah/Tasks/Project/bioagent/opensource/gnina/docs/tutorial/layers/bnll.md
gnina,docs/tutorial/layers/concat.md,content,cuda,1520,c7a53c997c568d61ba4c6ca8edc12ac129ecd93d46b15c7350b5ebfee9cf1c2f,/home/zhiheng/Documents/Work/Noah/Tasks/Project/bioagent/opensource/gnina/docs/tutorial/layers/concat.md
gnina,docs/tutorial/layers/contrastiveloss.md,content,cuda,969,cc3513cf510c3e4cd3d8b125889dc21e6b988d145e556a30ba6f545b6203752d,/home/zhiheng/Documents/Work/Noah/Tasks/Project/bioagent/opensource/gnina/docs/tutorial/layers/contrastiveloss.md
gnina,docs/tutorial/layers/convolution.md,content,cuda,3128,1b818e519f224fddb31f01c51111ea8d59495314b62a865e42210bd6d78dffb1,/home/zhiheng/Documents/Work/Noah/Tasks/Project/bioagent/opensource/gnina/docs/tutorial/layers/convolution.md
gnina,docs/tutorial/layers/crop.md,content,cuda,817,714cf715316b3e4082557630b46c2ce1ab0aad7ba37688d9aa70d33f113cf5f3,/home/zhiheng/Documents/Work/Noah/Tasks/Project/bioagent/opensource/gnina/docs/tutorial/layers/crop.md
gnina,docs/tutorial/layers/deconvolution.md,content,cuda,938,b442a522c390721f204e8254f64078c140ebcfabd91d2db3c1c29c42230eb6c5,/home/zhiheng/Documents/Work/Noah/Tasks/Project/bioagent/opensource/gnina/docs/tutorial/layers/deconvolution.md
gnina,docs/tutorial/layers/dropout.md,content,cuda,856,d754784d0cd6f3e67a5ae0f10d875d8b19718289f15b46aa426253646a4d3667,/home/zhiheng/Documents/Work/Noah/Tasks/Project/bioagent/opensource/gnina/docs/tutorial/layers/dropout.md
gnina,docs/tutorial/layers/eltwise.md,content,cuda,856,0ec7b14f68376af646c4564d2a11d006fcbea9f3ca275a3c4504b759882bccdd,/home/zhiheng/Documents/Work/Noah/Tasks/Project/bioagent/opensource/gnina/docs/tutorial/layers/eltwise.md
gnina,docs/tutorial/layers/elu.md,content,cuda,1024,2129f20650d9df86978b290d2a2b52bd1cb753d1b66b0e2c52f0b0b3c1dad093,/home/zhiheng/Documents/Work/Noah/Tasks/Project/bioagent/opensource/gnina/docs/tutorial/layers/elu.md
gnina,docs/tutorial/layers/embed.md,content,cuda,829,072054289f3e244c836ef93d81061dc4dec2e24c4d9bb0f825d3cbef088ca51b,/home/zhiheng/Documents/Work/Noah/Tasks/Project/bioagent/opensource/gnina/docs/tutorial/layers/embed.md
gnina,docs/tutorial/layers/euclideanloss.md,content,cuda,865,371d93a01f61711d4aa6ebf783c735ca3630f57fd6e2ccc10765268cf85e66b6,/home/zhiheng/Documents/Work/Noah/Tasks/Project/bioagent/opensource/gnina/docs/tutorial/layers/euclideanloss.md
gnina,docs/tutorial/layers/exp.md,content,cuda,858,bf731709af80f613c7988cc7b5a0ecf17a8912a5690d92b44c1918c7494cbb54,/home/zhiheng/Documents/Work/Noah/Tasks/Project/bioagent/opensource/gnina/docs/tutorial/layers/exp.md
gnina,docs/tutorial/layers/filter.md,content,cuda,628,1f054be0b79b44ba88c28f37ce779167274af4e5fd51835f445e75c623530c62,/home/zhiheng/Documents/Work/Noah/Tasks/Project/bioagent/opensource/gnina/docs/tutorial/layers/filter.md
gnina,docs/tutorial/layers/hdf5data.md,content,cuda,877,809d8134d2d361fe19e2f247430486f02d2434265136dbeea5b53c9953359831,/home/zhiheng/Documents/Work/Noah/Tasks/Project/bioagent/opensource/gnina/docs/tutorial/layers/hdf5data.md
gnina,docs/tutorial/layers/hdf5output.md,content,cuda,1093,ee437b6bebe790fd31480ab722422629353ae3f3d0197b5a1413dcd1c296eb58,/home/zhiheng/Documents/Work/Noah/Tasks/Project/bioagent/opensource/gnina/docs/tutorial/layers/hdf5output.md
gnina,docs/tutorial/layers/im2col.md,content,cuda,708,5f0af8496e2694f97dd73a9f5e0e2fd05a7108a10161462ea4f35f86fef6b6aa,/home/zhiheng/Documents/Work/Noah/Tasks/Project/bioagent/opensource/gnina/docs/tutorial/layers/im2col.md
gnina,docs/tutorial/layers/infogainloss.md,content,cuda,1218,bf41371612a1c734bc36ec35e0657718ff951d37c9dd377bebf92b1155f2a4ab,/home/zhiheng/Documents/Work/Noah/Tasks/Project/bioagent/opensource/gnina/docs/tutorial/layers/infogainloss.md
gnina,docs/tutorial/layers/innerproduct.md,content,cuda,2189,2c11323b3c982e6f15b95f9e830f1de09630264f845e47af51933b296c3cb36c,/home/zhiheng/Documents/Work/Noah/Tasks/Project/bioagent/opensource/gnina/docs/tutorial/layers/innerproduct.md
gnina,docs/tutorial/layers/log.md,content,cuda,800,abff799b3039b80d419cc4854c8a5419929167812f104585eb7a3aa61c18bc30,/home/zhiheng/Documents/Work/Noah/Tasks/Project/bioagent/opensource/gnina/docs/tutorial/layers/log.md
gnina,docs/tutorial/layers/lrn.md,content,cuda,1996,fb8c76fc07cfd5fe0944ae08f692550307b223bab4e7a6deb3053fd13a54cf4e,/home/zhiheng/Documents/Work/Noah/Tasks/Project/bioagent/opensource/gnina/docs/tutorial/layers/lrn.md
gnina,docs/tutorial/layers/lstm.md,content,cuda,995,fff092bc52b2e7512e6e44c17e133dbfb1447da48750fccf55c470f0a78629fa,/home/zhiheng/Documents/Work/Noah/Tasks/Project/bioagent/opensource/gnina/docs/tutorial/layers/lstm.md
gnina,docs/tutorial/layers/mvn.md,content,cuda,863,dc07b39e160bed62d055d74e9be82bcfb97ec0ed5026e8eac4745d84eafe8a56,/home/zhiheng/Documents/Work/Noah/Tasks/Project/bioagent/opensource/gnina/docs/tutorial/layers/mvn.md
gnina,docs/tutorial/layers/pooling.md,content,cuda,1947,c85445f61d9ba463b8b9920152cb59c6f96007ecab029d168756cfcba6d4ae32,/home/zhiheng/Documents/Work/Noah/Tasks/Project/bioagent/opensource/gnina/docs/tutorial/layers/pooling.md
gnina,docs/tutorial/layers/power.md,content,cuda,1288,d7c40492c9a36c67968b36d0b0f7f9550fdd4dd60e4649257969bd8c9d11a45a,/home/zhiheng/Documents/Work/Noah/Tasks/Project/bioagent/opensource/gnina/docs/tutorial/layers/power.md
gnina,docs/tutorial/layers/prelu.md,content,cuda,829,c6727844de309859bb5227cec5f299798becba91f0ba3e3e49bd2153a462a864,/home/zhiheng/Documents/Work/Noah/Tasks/Project/bioagent/opensource/gnina/docs/tutorial/layers/prelu.md
gnina,docs/tutorial/layers/python.md,content,nvidia,1019,ea12243497f21e47aa40355cba52ab9416532d26c38ffec648f304fff9b19b1c,/home/zhiheng/Documents/Work/Noah/Tasks/Project/bioagent/opensource/gnina/docs/tutorial/layers/python.md
gnina,docs/tutorial/layers/recurrent.md,content,cuda,881,cb8e6b562065d409cb85e96592868254eb7755ec0b7ae2a81a2e70360d52a2a2,/home/zhiheng/Documents/Work/Noah/Tasks/Project/bioagent/opensource/gnina/docs/tutorial/layers/recurrent.md
gnina,docs/tutorial/layers/reduction.md,content,cuda,881,8ff5ca8e58d054ba55a3ccf018c33678b026d35d5cc85c5fe0dd6a47df773ee3,/home/zhiheng/Documents/Work/Noah/Tasks/Project/bioagent/opensource/gnina/docs/tutorial/layers/reduction.md
gnina,docs/tutorial/layers/relu.md,content,cuda,1687,d6897587c53754c757cf5b45d714608ae57ed6705d826ca218dc35860eb7885d,/home/zhiheng/Documents/Work/Noah/Tasks/Project/bioagent/opensource/gnina/docs/tutorial/layers/relu.md
gnina,docs/tutorial/layers/scale.md,content,cuda,829,f77bbbc42ccde3839d4b7dc83badb5d27bd992750ddbca0db801a52f0b2690fe,/home/zhiheng/Documents/Work/Noah/Tasks/Project/bioagent/opensource/gnina/docs/tutorial/layers/scale.md
gnina,docs/tutorial/layers/sigmoid.md,content,cuda,855,3dd39c1b511063fa5126e5bf5eee8b7ad9e0de110bf12f607e728f1512a7e515,/home/zhiheng/Documents/Work/Noah/Tasks/Project/bioagent/opensource/gnina/docs/tutorial/layers/sigmoid.md
gnina,docs/tutorial/layers/sigmoidcrossentropyloss.md,content,cuda,784,942744c752c9b1c6bbdb8d3c8fe17269ed422944de8c5140189d62acb0b52fc9,/home/zhiheng/Documents/Work/Noah/Tasks/Project/bioagent/opensource/gnina/docs/tutorial/layers/sigmoidcrossentropyloss.md
gnina,docs/tutorial/layers/silence.md,content,cuda,903,f489df403c9aa1f2116a2b24423762c410f2f5ac55fd8bd898f22fb89ec3efc1,/home/zhiheng/Documents/Work/Noah/Tasks/Project/bioagent/opensource/gnina/docs/tutorial/layers/silence.md
gnina,docs/tutorial/layers/slice.md,content,cuda,1501,26515e2d8ca3cee750cc7d3589da40d6c08b75b5cf0ffd7187b3d1497359abbf,/home/zhiheng/Documents/Work/Noah/Tasks/Project/bioagent/opensource/gnina/docs/tutorial/layers/slice.md
gnina,docs/tutorial/layers/softmax.md,content,cuda,914,9dda8fd6aea61527bcf09d9df3a8f3c141ada65cef69de1890db8a4cb4d5d038,/home/zhiheng/Documents/Work/Noah/Tasks/Project/bioagent/opensource/gnina/docs/tutorial/layers/softmax.md
gnina,docs/tutorial/layers/softmaxwithloss.md,content,cuda,1442,59b0b17a04dd90f014a00273415d2714299749a5ad0bcffd0f12ff11a85e6f10,/home/zhiheng/Documents/Work/Noah/Tasks/Project/bioagent/opensource/gnina/docs/tutorial/layers/softmaxwithloss.md
gnina,docs/tutorial/layers/split.md,content,cuda,769,b3520843d07521164d37dbd152261f6ad9b02392690bbb8e3b14af5b3c087a29,/home/zhiheng/Documents/Work/Noah/Tasks/Project/bioagent/opensource/gnina/docs/tutorial/layers/split.md
gnina,docs/tutorial/layers/tanh.md,content,cuda,699,fbb49be6a3878d83cbc6ab6f3eaf853d78449aec5482b5737f8f90dfec9c0db3,/home/zhiheng/Documents/Work/Noah/Tasks/Project/bioagent/opensource/gnina/docs/tutorial/layers/tanh.md
gnina,docs/tutorial/layers/threshold.md,content,cuda,754,a766f6a0929e3cf14aa435b0b18f6dde691d4eceb9ed1759a69087f252e0b4d1,/home/zhiheng/Documents/Work/Noah/Tasks/Project/bioagent/opensource/gnina/docs/tutorial/layers/threshold.md
gnina,docs/tutorial/layers/tile.md,content,cuda,816,394e7626512de6bd134440283d25cd29c9edd878b7f2d9b24b14f692e295e6f2,/home/zhiheng/Documents/Work/Noah/Tasks/Project/bioagent/opensource/gnina/docs/tutorial/layers/tile.md
haddock3,README.md,readme,,5778,1e2674725a3e48fc0057f7a7a149866b6718930f9d89f7c5bfb680f9ec82f51a,/home/zhiheng/Documents/Work/Noah/Tasks/Project/bioagent/opensource/haddock3/README.md
la-proteina,README.md,readme,nvidia,19592,5ba8764d243b5964b694562f06acb71a04769af6504a48cc6d92a554e544897e,/home/zhiheng/Documents/Work/Noah/Tasks/Project/bioagent/opensource/la-proteina/README.md
lightdock,README.md,readme,,5581,c3a4b2a3e2be1ffae45d26a93eed41d3fcb56cf6bcc023906269a730df7bf6e8,/home/zhiheng/Documents/Work/Noah/Tasks/Project/bioagent/opensource/lightdock/README.md
megalodon,README.md,readme,"nvidia,cuda",7530,8d6d1099d6d50209565041b5ee5dfabeb9670ead040d54b51afb338ea332051b,/home/zhiheng/Documents/Work/Noah/Tasks/Project/bioagent/opensource/megalodon/README.md
megalodon,requirements.txt,content,cuda,567,75fd4ebe95c1bbfa082eb5df82d7626b8861cb463442583434ff547b0dd91918,/home/zhiheng/Documents/Work/Noah/Tasks/Project/bioagent/opensource/megalodon/requirements.txt
openadmet-anvil-skill,README.md,readme,,4490,718c1db99a22f3c2f5db228a42c6ae1693267d022d6c90301c9d56547897c16d,/home/zhiheng/Documents/Work/Noah/Tasks/Project/bioagent/opensource/openadmet-anvil-skill/README.md
openadmet-models,README.md,readme,,2644,0b6151edfa0d97d7f6020776e1b21b84b8c3dd59185ac7589836a3af5cefa652,/home/zhiheng/Documents/Work/Noah/Tasks/Project/bioagent/opensource/openadmet-models/README.md
openadmet-models,docs/installation.rst,content,"cuda,gpu_requirement",947,ca5b103ac1d7efc93d2f3cfd552ff2202e79a8cf16af98cea3b46c8a4d3d1f41,/home/zhiheng/Documents/Work/Noah/Tasks/Project/bioagent/opensource/openadmet-models/docs/installation.rst
openfold-3,README.md,readme,"nvidia,cuda",7464,795a022bdf5d9a09c58bc0176690fc29216b22d12f9caab44d6a511f74f1f843,/home/zhiheng/Documents/Work/Noah/Tasks/Project/bioagent/opensource/openfold-3/README.md
openfold-3,docs/source/Installation.md,content,"datacenter_gpu,nvidia,cuda,gpu_requirement",10784,86161e2d3389542984be13fc990f8a85f992815f138a5ddce2b43aba51fd85d5,/home/zhiheng/Documents/Work/Noah/Tasks/Project/bioagent/opensource/openfold-3/docs/source/Installation.md
openfold-3,docs/source/index.md,content,"nvidia,cuda",2910,f757bfb7180eea8a13f136a3d2e7e8bf175acb5e472835b71cb9383afd20a846,/home/zhiheng/Documents/Work/Noah/Tasks/Project/bioagent/opensource/openfold-3/docs/source/index.md
openfold-3,docs/source/inference.md,content,"cuda,disk",28313,e24f78d1d264e895cee194eb651876bfb57c7748682cc1eca091a3cd10befae3,/home/zhiheng/Documents/Work/Noah/Tasks/Project/bioagent/opensource/openfold-3/docs/source/inference.md
openfold-3,docs/source/kernels.md,content,"nvidia,cuda",1765,8ee1bc69b2ee3bc4b2876b643395e2328f52084fadeab3da715c59dc0eaa2836,/home/zhiheng/Documents/Work/Noah/Tasks/Project/bioagent/opensource/openfold-3/docs/source/kernels.md
openfold-3,docs/source/precomputed_msa_explanation.md,content,disk,15924,6e6638dc9cd96dfc4af17ab13313b8121f3d42183e9e4c34c45674d0db634521,/home/zhiheng/Documents/Work/Noah/Tasks/Project/bioagent/opensource/openfold-3/docs/source/precomputed_msa_explanation.md
openfold-3,docs/source/precomputed_msa_generation_how_to.md,content,disk,8322,0056b290019da7f63dac68d4610b0071b269222df0a106d566304b7d7089a9e3,/home/zhiheng/Documents/Work/Noah/Tasks/Project/bioagent/opensource/openfold-3/docs/source/precomputed_msa_generation_how_to.md
openfold-3,docs/source/precomputed_msa_how_to.md,content,disk,21657,75e919de5fd6ff2bdeb2a3ea0ad9c95ebc2e1ce0620736e9b86d21f29138888b,/home/zhiheng/Documents/Work/Noah/Tasks/Project/bioagent/opensource/openfold-3/docs/source/precomputed_msa_how_to.md
openfold-3,docs/source/template_how_to.md,content,nvidia,19774,108509de2c5f06f9017242c949c105593de52902277aafeb683494ed1e542f38,/home/zhiheng/Documents/Work/Noah/Tasks/Project/bioagent/opensource/openfold-3/docs/source/template_how_to.md
plip,README.md,readme,,12309,63313fe9a3af9d3a1cb4b31edc5531b5d4c118d7e910d12e45d31d7b76515640,/home/zhiheng/Documents/Work/Noah/Tasks/Project/bioagent/opensource/plip/README.md
promera,README.md,readme,,4404,a5e4e154b82d8000d80558f99e88cece0f2a3f94c35440a2541b9474ff1fbe70,/home/zhiheng/Documents/Work/Noah/Tasks/Project/bioagent/opensource/promera/README.md
protein-design-mcp,README.md,readme,"nvidia,cuda,disk",19548,787e7a99f137558a09a861e600449fd856221039529da138be32164ebeaa1190,/home/zhiheng/Documents/Work/Noah/Tasks/Project/bioagent/opensource/protein-design-mcp/README.md
proteina,README.md,readme,nvidia,34792,3401ccccf852501d8d034c6eb8ba364eaf5abcf23ec151ab5dbb30168c0b6a92,/home/zhiheng/Documents/Work/Noah/Tasks/Project/bioagent/opensource/proteina/README.md
proto-client,README.md,readme,,5099,d1f051f70a415ef67ad193d1701f8744c07b4ee479224639e25f62c048cd54da,/home/zhiheng/Documents/Work/Noah/Tasks/Project/bioagent/opensource/proto-client/README.md
proto-language,README.md,readme,,6085,ad7e3ebb946dff06115e314232a104c4a46bb9ac2993afe083dd16260dec33de,/home/zhiheng/Documents/Work/Noah/Tasks/Project/bioagent/opensource/proto-language/README.md
proto-tools,README.md,readme,,12561,1fb167add549611056c08d1b53a70df1d105536e9f794112c36d410adcb2bbb7,/home/zhiheng/Documents/Work/Noah/Tasks/Project/bioagent/opensource/proto-tools/README.md
pymol-open-source,README.md,readme,,690,e3e1d6f069ee77bd8cb9b7401a14500a161477029725196c17782cbea9375126,/home/zhiheng/Documents/Work/Noah/Tasks/Project/bioagent/opensource/pymol-open-source/README.md
qligfep,README.md,readme,,2645,a35b4cd81bf2417d13c7d306e7758df6a98e6a5bc0cef1493936671d1e93eab0,/home/zhiheng/Documents/Work/Noah/Tasks/Project/bioagent/opensource/qligfep/README.md
semla-flow,README.md,readme,,5062,fd6dd5b3d78354bfe35b74651a2daa31a2995205547ed743987bbc5dfe207b9f,/home/zhiheng/Documents/Work/Noah/Tasks/Project/bioagent/opensource/semla-flow/README.md
tinyprot,README.md,readme,,16072,d54de7606e237fc57b22d72b981f4744b5bba22c45306c6fef23401bf8bcadf0,/home/zhiheng/Documents/Work/Noah/Tasks/Project/bioagent/opensource/tinyprot/README.md
